,nBalls,meanGap,nBins,std
0,10,1.297,100,0.5154189137552643
1,100,3.243,100,0.7553287506255283
2,1000,8.845,100,1.6822023673758175
3,10000,25.913,100,4.582622767742445
