,nBalls,meanGap
0,10,1.0020000000000002
1,100,1.4029999999999996
2,1000,2.7159999999999993
3,10000,5.691
4,100000,14.351
5,1000000,40.873
6,10000000,124.68
7,100000000,386.456
