,nBalls,meanGap
0,10,0.9990000000000002
1,100,0.9940000000000001
2,1000,1.8599999999999997
3,10000,2.056
4,100000,2.505
5,1000000,2.52
6,10000000,2.513
7,100000000,2.535
