,nBalls,meanGap,nBins,queries
0,100,1.04001,1001,1
1,1000,2.0350999999999995,1001,1
2,10000,4.200999999999999,1001,1
3,100000,7.96499135,1001,1
4,1000000,9.7899,1001,1
5,10000000,9.7890145,1001,1
6,100,1.01001,1001,2
7,1000,2.0450999999999997,1001,2
8,10000,3.901,1001,2
9,100000,5.279990050000001,1001,2
10,1000000,5.3349,1001,2
11,10000000,5.23902,1001,2
