,nBalls,meanGap,nBins,queries
0,100,1.00166801,3001,1
1,1000,1.77167957,3001,1
2,10000,3.5117800000000003,3001,1
3,100000,6.502780099999998,3001,1
4,1000000,10.747788600000002,3001,1
5,10000000,11.282713999999999,3001,1
6,100,1.00666802,3001,2
7,1000,1.8116796400000001,3001,2
8,10000,3.4517800000000007,3001,2
9,100000,5.17278,3001,2
10,1000000,5.93777,3001,2
11,10000000,5.91774,3001,2
