,nBalls,meanGap
0,10,1.2869565217391306
1,100,3.2304347826086954
2,1000,8.823785351704133
3,10000,25.944887599709936
