,nBalls,meanGap,nBins,queries
0,100,1.29399,101,1
1,1000,2.9289000000000005,101,1
2,10000,5.382009899999999,101,1
3,100000,6.414099999999999,101,1
4,100,1.30299,101,2
5,1000,2.7559000000000005,101,2
6,10000,3.45501,101,2
7,100000,3.4250999999999996,101,2
